timestamp;cpu;mem;disk;net_sent;net_recv
1765245809;1.5;27.2;6.1;8554030;2198407
1765245810;12.4;27.2;6.1;8555024;2199461
1765245811;14;27.2;6.1;8555967;2200631
1765245812;13.4;27.2;6.1;8556910;2201849
1765245813;7;27.2;6.1;8558640;2203605
1765245814;10;27.2;6.1;8559582;2204822
1765245815;13.3;27.2;6.1;8560577;2205937
1765245816;13.6;27.2;6.1;8561572;2206992
1765245817;13.8;27.3;6.1;8563104;2208845
1765245819;13.8;27.3;6.1;8565048;2210343
1765245820;11.8;27.3;6.1;8567033;2211841
1765245821;13.7;27.3;6.1;8569059;2213339
1765245822;13.4;27.3;6.1;8571178;2214889
1765245823;13.5;27.3;6.1;8573338;2216665
1765245824;13.5;27.3;6.1;8575487;2218378
1765245825;13.8;27.3;6.1;8577729;2219928
1765245826;13.8;27.3;6.1;8579960;2221641
1765245827;14;27.3;6.1;8582284;2223191
1765245828;13.8;27.3;6.1;8584647;2224681
1765245829;13.9;27.3;6.1;8587010;2226446
1765245831;13.8;27.3;6.1;8589362;2228111
1765245832;14.4;27.3;6.1;8591879;2229661
1765245833;14.2;27.3;6.1;8594897;2233676
1765245834;12.3;27.3;6.1;8597508;2235406
1765245835;13.4;27.3;6.1;8599992;2237022
1765245836;13.6;27.3;6.1;8603917;2238847
1765245837;13.8;27.3;6.1;8604996;2240046
1765245838;4.1;27.3;6.1;8608494;2242466
1765245839;13.8;27.3;6.1;8611266;2244153
1765245840;14.3;27.3;6.1;8614741;2246703
1765245841;13.9;27.3;6.1;8617668;2248468
1765245843;14;27.3;6.1;8620584;2250330
1765245844;14.2;27.3;6.1;8623467;2251888
1765245845;14;27.3;6.1;8628734;2254494
1765245846;13;27.3;6.1;8631749;2256098
1765245847;13.7;27.3;6.1;8634731;2257780
1765245848;13.1;27.3;6.1;8638506;2259913
1765245849;14.8;27.3;6.1;8668894;2265011
1765245850;13.8;27.3;6.1;8672215;2266997
1765245851;14.8;27.3;6.1;8675505;2268746
1765245852;12.9;27.3;6.1;8678795;2270350
1765245853;13.5;27.3;6.1;8682799;2273075
1765245855;13.8;27.3;6.1;8686171;2274625
1765245856;13.9;27.3;6.1;8689584;2276254
1765245857;14.1;27.3;6.1;8693506;2278493
1765245858;14.1;27.3;6.1;8695029;2279866
1765245859;11.3;27.3;6.1;8698565;2281555
1765245860;15.6;27.2;6.1;8736121;3140120
1765245861;19.1;27.2;6.1;8772166;4416523
1765245862;21.4;27.2;6.1;8812113;5893227
1765245863;22.6;27.2;6.1;8836929;6745173
1765245864;20.9;26.9;6.1;8841331;6747378
1765245866;21.3;27.2;6.1;8847474;6749410
1765245867;49.8;29;6.1;8859862;6751740
1765245868;30.1;26.4;6.1;8916485;7692940
1765245869;21.5;26.4;6.1;8951484;8805398
1765245870;12.2;26.3;6.1;8984221;9978105
1765245871;18.8;26.3;6.1;9016995;11008825
1765245872;18.3;26.4;6.1;9053824;12376208
1765245873;18.9;26.4;6.1;9096621;13795650
1765245874;18.6;26.4;6.1;9137514;15279507
1765245875;20.3;26.6;6.1;9170577;16266744
1765245877;63.3;26.8;6.1;9218431;16536197
1765245878;26.4;26.3;6.1;9257298;16540502
1765245879;30.3;26.3;6.1;9261807;16542836
1765245880;28.6;26.3;6.1;9459277;16552891
1765245881;15;26.4;6.1;9463630;16554772
1765245882;14.8;26.4;6.1;9481064;16557392
1765245883;21.8;26.4;6.1;9486213;16560085
1765245884;14.2;26.4;6.1;9490814;16561696
1765245885;13.8;26.4;6.1;9495385;16563247
1765245886;14.2;26.4;6.1;9500070;16565073
1765245888;13;26.4;6.1;9505408;16567273
1765245889;13.3;26.4;6.1;9510175;16568884
1765245890;13.8;26.4;6.1;9514984;16570710
1765245891;13.8;26.4;6.1;9519835;16573903
1765245892;12;26.4;6.1;9527244;16576223
1765245893;13.6;26.4;6.1;9532177;16578049
1765245894;13.6;26.4;6.1;9537152;16579660
1765245895;14.3;26.4;6.1;9542828;16581972
1765245896;13.7;26.4;6.1;9547887;16583798
1765245897;13.8;26.4;6.1;9552988;16585469
1765245898;13.4;26.4;6.1;9558079;16587243
1765245900;3.4;26.4;6.1;9591216;17189738
1765245901;18.7;26.4;6.1;9635105;18616841
1765245902;18.4;26.5;6.1;9677689;20145894
1765245903;15.9;26.4;6.1;9718877;21624667
1765245904;17.7;26.4;6.1;9752885;22846172
1765245905;19.9;26.4;6.1;9787439;24225985
1765245906;21.2;26.5;6.1;9828251;25689102
1765245907;9.6;26.5;6.1;9868938;27139464
1765245908;20.3;26.5;6.1;9904079;28348670
1765245909;19.7;26.5;6.1;9943840;29728089
1765245911;20.9;26.6;6.1;9983643;31222400
1765245912;21.2;26.6;6.1;10021670;32874728
1765245913;21.8;26.6;6.1;10057368;34682597
1765245914;26.2;26.6;6.1;10098265;36723431
1765245915;29.4;26.7;6.1;10126328;38175859
1765245916;20.1;26.7;6.1;10165790;39900733
1765245917;18.6;26.7;6.1;10196883;41588755
1765245918;19;26.7;6.1;10230676;43420093
1765245919;10.3;26.7;6.1;10265413;45545697
1765245920;19.1;26.8;6.1;10287086;47343672
1765245922;19.9;26.7;6.1;10314558;49550786
1765245923;20.1;26.7;6.1;10351696;51214736
1765245924;13.4;26.8;6.1;10373984;53514768
1765245925;20.9;26.8;6.1;10396097;56232925
1765245926;21;26.9;6.1;10419462;58058635
1765245927;21.9;26.9;6.1;10433227;60596760
1765245928;23.1;26.8;6.1;10448196;63333246
1765245929;25.8;26.3;6.1;10480109;65780259
1765245930;23.9;27.2;6.1;10481868;65781671
1765245931;10.8;27.2;6.1;10488893;65784087
1765245932;10.7;27.2;6.1;10495372;65785647
1765245934;14;27.2;6.1;10501946;65787259
1765245935;14.4;27.2;6.1;10508509;65789094
1765245936;17.4;27.2;6.1;10515776;65791417
1765245937;13.8;27.2;6.1;10522477;65793083
1765245938;11.8;27.2;6.1;10529126;65794858
1765245939;13.8;27.2;6.1;10536406;65797113
1765245940;13.9;27.2;6.1;10543337;65798725
1765245941;12.8;25.9;6.1;10550115;65800560
1765245942;13.6;25.9;6.1;10556936;65802120
1765245943;13.8;26;6.1;10564516;65804814
1765245944;13.9;26;6.1;10571475;65806480
1765245946;13.8;26;6.1;10584270;65808160
1765245947;12;26;6.1;10591352;65809987
1765245948;13.8;26;6.1;10599010;65812188
1765245949;10.7;26;6.1;10606172;65815215
1765245950;13.8;26;6.1;10613447;65817102
1765245951;14;26;6.1;10621334;65819590
1765245952;12.2;26;6.1;10628578;65821202
1765245953;13.9;26;6.1;10635861;65823089
1765245954;13.9;26;6.1;10643185;65824701
1765245955;13.9;26;6.1;10651214;65827229
1765245956;9.7;26;6.1;10658620;65828841
1765245958;13.7;26;6.1;10672484;65830767
1765245959;13.5;26;6.1;10680084;65832834
1765245960;13.4;26;6.1;10688241;65835087
1765245961;14;26.1;6.1;10695851;65836866
1765245962;11.8;26.1;6.1;10703502;65842909
1765245963;14.2;26.1;6.1;10712087;65845664
1765245964;14;26.1;6.1;10720072;65847500
1765245965;13.7;26.1;6.1;10727922;65849286
1765245966;13.2;26.1;6.1;10735763;65850968
1765245967;14.5;26.1;6.1;10744433;65853496
1765245968;17.1;26.1;6.1;10785350;65860764
1765245970;14.5;26.1;6.1;10793320;65862438
1765245971;14.7;26.1;6.1;10814322;65865280
1765245972;15.3;26.1;6.1;10871608;65878781
1765245973;15.9;26.1;6.1;10895476;65883354
1765245974;12.7;26.2;6.1;10903670;65885181
1765245975;13.5;26.2;6.1;10912589;65887618
1765245976;14.4;26.2;6.1;10920817;65889238
1765245977;13.3;26.2;6.1;10929140;65891125
1765245978;13.7;26.2;6.1;10937506;65894272
1765245979;14.5;26.2;6.1;10993356;65909272
1765245980;10.5;26.2;6.1;11007937;65912549
1765245982;15.9;26.3;6.1;11061959;65925950
1765245983;16.6;26.3;6.1;11084029;65929849
1765245984;13.8;26.3;6.1;11092610;65931521
1765245985;12.5;26.3;6.1;11101361;65933299
1765245986;9.3;26.3;6.1;11110907;65935901
1765245987;13.4;26.3;6.1;11119615;65937572
1765245988;14.7;26.3;6.1;11128439;65939304
1765245989;2.2;26.3;6.1;11139496;65942104
1765245990;14.1;26.3;6.1;11149864;65944152
1765245991;14.2;26.3;6.1;11158744;65946039
1765245992;14;26.3;6.1;11159741;65947443
1765245994;14.2;26.3;6.1;11169399;65950604
1765245995;13.9;26.3;6.1;11178383;65952439
1765245996;13.9;26.3;6.1;11187390;65954171
1765245997;14.1;26.4;6.1;11196512;65955783
1765245998;14.1;26.4;6.1;11206195;65958367
1765245999;12.7;26.4;6.1;11215475;65960147
1765246000;13.5;26.4;6.1;11224654;65961873
1765246001;12.8;26.4;6.1;11242879;65965245
1765246002;13.7;26.4;6.1;11255395;65967127
1765246003;12.8;26.4;6.1;11264766;65968973
1765246004;13.2;26.4;6.1;11274232;65970800
1765246006;13.6;26.4;6.1;11284704;65973517
1765246007;9.5;26.4;6.1;11294204;65975352
1765246008;13.8;26.4;6.1;11303797;65978378
1765246009;13.6;26.4;6.1;11306755;65979563
1765246010;13.6;26.6;6.1;11316981;65982093
1765246011;11.1;26.6;6.1;11326661;65983932
1765246012;13.6;26.6;6.1;11344428;65985979
1765246013;5.1;26.6;6.1;11355553;65988749
1765246014;13.6;26.6;6.1;11365403;65990480
1765246015;13.5;26.7;6.1;11366484;65991603
1765246016;13.9;26.7;6.1;11376222;65993364
1765246018;13.6;26.7;6.1;11386698;65995627
1765246019;10.3;26.7;6.1;11396678;65997514
1765246020;13.8;26.7;6.1;11415626;65999627
1765246021;14.5;26.8;6.1;11427359;66001732
1765246022;13.8;26.8;6.1;11438102;66004332
1765246023;10.7;26.8;6.1;11448245;66006118
1765246024;13.8;26.8;6.1;11460171;66007682
1765246025;14.6;26.8;6.1;11476712;66010340
1765246026;13.7;26.8;6.1;11487036;66012132
1765246027;14;26.8;6.1;11497403;66013744
1765246028;13.6;26.8;6.1;11507955;66015685
1765246029;13.4;26.8;6.1;11509540;66017439
1765246031;9.3;26.8;6.1;11520054;66019501
1765246032;13.2;26.8;6.1;11530589;66021046
1765246033;13.6;26.8;6.1;11531586;66022103
1765246034;13.3;26.8;6.1;11542747;66025003
1765246035;10.3;26.8;6.1;11553412;66026729
1765246036;13.7;26.8;6.1;11565600;66029273
1765246037;13.8;26.8;6.1;11576948;66031871
1765246038;12.4;26.8;6.1;11590970;66033851
1765246039;13.7;26.8;6.1;11591967;66034968
1765246040;13.9;27.4;6.1;11602919;66036915
1765246041;14.1;27.4;6.1;11614454;66039238
1765246043;13.8;27.4;6.1;11625440;66041133
1765246044;13.8;27.4;6.1;11636521;66043091
1765246045;12.1;27.4;6.1;11647645;66044823
1765246046;1.3;27.4;6.1;11659531;66047579
1765246047;13.7;27.4;6.1;11670687;66049258
1765246048;13.6;27.4;6.1;11684026;66051058
1765246049;13.8;27.4;6.1;11695985;66053708
1765246050;13.6;27.4;6.1;11707323;66055440
1765246051;14;27.4;6.1;11718704;66057232
1765246052;13.8;27.4;6.1;11730126;66059693
1765246053;13.8;27.4;6.1;11742245;66062128
1765246055;14;27.4;6.1;11753753;66063860
1765246056;14.5;27.4;6.1;11765250;66065815
1765246057;12.8;27.4;6.1;11776790;66067495
1765246058;13.6;27.4;6.1;11789086;66070199
1765246059;13.2;27.4;6.1;11801745;66071819
1765246060;13.4;27.4;6.1;11813466;66073551
1765246061;13.8;27.4;6.1;11825888;66076362
1765246062;13.6;27.4;6.1;11837695;66078148
1765246063;13.2;27.4;6.1;11849545;66080108
1765246064;13.4;27.4;6.1;11863042;66083740
1765246065;13.8;27.4;6.1;11875564;66086055
1765246066;13.4;27.4;6.1;11887563;66087735
1765246068;12.7;27.4;6.1;11899585;66089682
1765246069;12.3;27.4;6.1;11911599;66091362
1765246070;14.2;27.4;6.1;11913185;66093277
1765246071;9.4;27.4;6.1;11925337;66095176
1765246072;13.9;27.4;6.1;11937478;66096855
1765246073;13.8;27.4;6.1;11950328;66099413
1765246074;13.4;27.4;6.1;11964523;66101435
1765246075;13.3;27.4;6.1;11976866;66103115
1765246076;13.8;27.4;6.1;11989304;66105062
1765246077;13.5;27.4;6.1;12002375;66107437
1765246078;13.6;27.4;6.1;12014899;66109169
1765246080;13.8;27.4;6.1;12028946;66111346
1765246081;14.4;27.4;6.1;12041556;66113245
1765246082;13.2;27.4;6.1;12054795;66115835
1765246083;13.8;27.4;6.1;12067439;66117741
1765246084;14;27.4;6.1;12080178;66120118
1765246085;50;27.4;6.1;12095024;66122863
1765246086;13.8;27.4;6.1;12107752;66124603
1765246087;12.6;27.4;6.1;12120521;66126283
1765246088;13.8;27.4;6.1;12133405;66128292
1765246089;13.8;27.4;6.1;12146922;66130675
1765246090;14;27.4;6.1;12159892;66133216
1765246092;12.2;27.4;6.1;12172885;66135163
1765246093;13.9;27.4;6.1;12185919;66136949
1765246094;13.7;27.4;6.1;12201189;66141140
1765246095;13.6;27.4;6.1;12215841;66143154
1765246096;10.4;27.4;6.1;12229004;66144886
1765246097;13.8;27.4;6.1;12242801;66147476
1765246098;14.7;27.4;6.1;12256134;66149274
1765246099;13.4;27.4;6.1;12281931;66151347
1765246100;14;27.4;6.1;12296486;66153829
1765246101;14.1;27.4;6.1;12310563;66156264
1765246102;14;27.4;6.1;12325806;66158382
1765246104;14.1;27.4;6.1;12339257;66160503
1765246105;13.6;27.4;6.1;12352803;66162235
1765246106;1.3;27.4;6.1;12367050;66164885
1765246107;12.9;27.4;6.1;12380680;66166616
1765246108;13.8;27.4;6.1;12394302;66168296
1765246109;14;27.4;6.1;12408019;66170243
1765246110;14;27.4;6.1;12422548;66172836
1765246111;14.2;27.4;6.1;12436419;66174795
1765246112;13.6;27.4;6.1;12450281;66176810
1765246113;14.1;27.4;6.1;12465078;66180053
1765246114;13.8;27.4;6.1;12479078;66182538
1765246116;13.9;27.4;6.1;12493121;66184545
1765246117;12.6;27.4;6.1;12507207;66186337
1765246118;13.8;27.4;6.1;12521998;66188987
1765246119;14.1;27.4;6.1;12539535;66191199
1765246120;10.6;27.4;6.1;12553698;66192939
1765246121;13.8;27.4;6.1;12555441;66195147
1765246122;13.5;27.4;6.1;12569742;66196873
1765246123;14.2;27.4;6.1;12584034;66200134
1765246124;13.8;27.4;6.1;12598369;66202149
1765246125;13.8;27.4;6.1;12599904;66203797
1765246126;13.8;27.4;6.1;12614377;66205589
1765246128;13.7;27.4;6.1;12628841;66207544
1765246129;12.8;27.4;6.1;12643305;66209284
1765246130;13.8;27.4;6.1;12658403;66211607
1765246131;9.3;27.4;6.1;12673005;66213781
1765246132;13.8;27.4;6.1;12687649;66215572
1765246133;13.8;27.4;6.1;12702928;66218162
1765246134;13.4;27.4;6.1;12717658;66219954
1765246135;13.7;27.4;6.1;12732431;66221746
1765246136;13.6;27.4;6.1;12747319;66223753
1765246137;13.5;27.4;6.1;12776673;66226803
1765246138;11.1;27.4;6.1;12791690;66228835
1765246139;14;27.4;6.1;12806626;66230790
1765246141;13.8;27.4;6.1;12821655;66232749
1765246142;13.8;27.4;6.1;12840331;66235228
1765246143;15.4;27.7;6.1;12845754;66236972
1765246144;13.7;27.7;6.1;12860817;66238712
1765246145;14.2;27.7;6.1;12876639;66241362
1765246146;15.5;27.7;6.1;12891912;66243214
1765246147;14.2;27.7;6.1;12907228;66245006
1765246148;13.8;27.7;6.1;12922463;66246961
1765246149;13.9;27.7;6.1;12938404;66249464
1765246150;14;27.7;6.1;12955465;66251837
1765246151;12.2;27.7;6.1;12981906;66255508
1765246153;13.3;27.7;6.1;13000900;66257486
1765246154;13.4;27.7;6.1;13017053;66259989
1765246155;13.6;27.7;6.1;13032587;66261944
1765246156;14.2;27.7;6.1;13048216;66263676
1765246157;13.9;27.7;6.1;13064246;66265643
1765246158;12.1;27.7;6.1;13067508;66267523
1765246159;13.8;27.7;6.1;13083171;66269263
1765246160;13.6;27.7;6.1;13098877;66271003
1765246161;4.3;27.7;6.1;13115288;66273613
1765246162;15.3;27.7;6.1;13145948;66275899
1765246163;14.2;27.7;6.1;13163429;66278536
1765246165;14.3;27.7;6.1;13179401;66280328
1765246166;14;27.7;6.1;13196851;66282829
1765246167;13.4;27.7;6.1;13212907;66284836
1765246168;14;27.7;6.1;13228954;66286576
1765246169;11.5;27.7;6.1;13245042;66288531
1765246170;14;27.7;6.1;13261887;66291026
1765246171;14.2;27.7;6.1;13278059;66292933
1765246172;13.7;27.7;6.1;13294274;66294888
1765246173;13.6;27.7;6.1;13311354;66297601
1765246174;13.7;27.7;6.1;13327655;66299341
1765246175;13.6;27.7;6.1;13344051;66301348
1765246177;14.3;27.7;6.1;13360438;66303088
1765246178;2.3;27.7;6.1;13377458;66305471
1765246179;13.3;27.7;6.1;13378538;66306808
1765246180;13.8;27.7;6.1;13395105;66308540
1765246181;13.5;27.7;6.1;13411715;66312129
1765246182;13.8;27.7;6.1;13428905;66314512
1765246183;14.1;27.7;6.1;13445601;66316530
1765246184;14;27.7;6.1;13463872;66318891
1765246185;13.8;27.7;6.1;13481469;66321392
1765246186;13.1;27.7;6.1;13498520;66323370
1765246187;13.8;27.7;6.1;13515458;66325377
1765246189;13.7;27.7;6.1;13532439;66327169
1765246190;14.2;27.7;6.1;13551753;66329696
1765246191;14;27.7;6.1;13568820;66331870
1765246192;13.9;27.7;6.1;13585928;66333662
1765246193;13.9;27.7;6.1;13603456;66335675
1765246194;11.5;27.7;6.1;13621312;66338170
1765246195;13.6;27.7;6.1;13638549;66339962
1765246196;13.9;27.7;6.1;13655829;66342029
1765246197;3.2;27.7;6.1;13673885;66344530
1765246198;13.8;27.7;6.1;13691249;66346321
1765246199;14;27.7;6.1;13708657;66348328
1765246201;14.3;27.7;6.1;13726054;66350175
1765246202;14.5;27.7;6.1;13744167;66352670
1765246203;13;27.7;6.1;13762377;66354909
1765246204;14.4;27.7;6.1;13779860;66356649
1765246205;11.6;27.7;6.1;13799052;66358866
1765246206;13.8;27.7;6.1;13817199;66361243
1765246207;13.6;27.7;6.1;13840451;66363361
1765246208;13.9;27.7;6.1;13859679;66365670
1765246209;13.9;27.7;6.1;13878203;66369700
1765246210;14;27.7;6.1;13895985;66371607
1765246212;14.3;27.7;6.1;13913860;66373614
1765246213;14.2;27.7;6.1;13931726;66375354
1765246214;13.3;27.7;6.1;13950298;66377797
1765246215;14;27.7;6.1;13968302;66379804
1765246216;13.7;27.7;6.1;13986234;66381536
1765246217;13.4;27.7;6.1;14004299;66383617
1765246218;13.6;27.7;6.1;14023049;66386046
1765246219;14;27.7;6.1;14042485;66387732
1765246220;14.1;27.7;6.1;14060659;66389799
1765246221;14.2;27.7;6.1;14079464;66392234
1765246222;10.8;27.7;6.1;14097722;66394026
1765246224;13.6;27.7;6.1;14115971;66396147
1765246225;14;27.7;6.1;14134387;66397999
1765246226;14;27.7;6.1;14153436;66400434
1765246227;13.4;27.7;6.1;14171884;66402449
1765246228;13.9;27.7;6.1;14190581;66404616
1765246229;11.6;27.7;6.1;14209125;66406328
1765246230;13.9;27.7;6.1;14228291;66408831
1765246231;14.2;27.7;6.1;14246961;66410910
1765246232;13.7;27.7;6.1;14269145;66413259
1765246233;2.4;27.7;6.1;14298057;66416003
1765246234;13.8;27.7;6.1;14307771;66417919
1765246236;14.4;27.7;6.1;14326560;66420534
1765246237;13;27.7;6.1;14345444;66422386
1765246238;14.2;27.7;6.1;14365085;66424987
1765246239;8.5;27.7;6.1;14384053;66428469
1765246240;13.8;27.7;6.1;14403063;66430320
1765246241;14;27.7;6.1;14424240;66433246
1765246242;13.9;27.7;6.1;14443336;66435098
1765246243;14.1;27.7;6.1;14464005;66437386
1765246244;14;27.7;6.1;14494294;66439888
1765246245;14;27.7;6.1;14521215;66442631
1765246247;10.6;27.7;6.1;14543512;66444143
1765246248;13.8;27.7;6.1;14567361;66446272
1765246249;13.8;27.7;6.1;14575684;66447815
1765246250;13.6;27.7;6.1;14595528;66450132
1765246251;8.3;27.7;6.1;14614962;66452366
1765246252;13.6;27.7;6.1;14645547;66454790
1765246253;13.7;27.7;6.1;14674592;66457815
1765246254;14.3;27.7;6.1;14694145;66459495
1765246255;13.8;27.7;6.1;14713793;66461347
1765246256;13.9;27.7;6.1;14733484;66463414
1765246257;13.9;27.7;6.1;14753809;66465909
1765246258;13.8;27.7;6.1;14773514;66468273
1765246260;13.8;27.7;6.1;14776002;66469613
1765246261;14.5;27.7;6.1;14795822;66471632
1765246262;14;27.7;6.1;14816421;66474187
1765246263;8.6;27.7;6.1;14836555;66476735
1765246264;14.2;27.7;6.1;14875429;66478954
1765246265;25;27.7;6.1;14896272;66481730
1765246266;13.7;27.7;6.1;14916365;66483530
1765246267;14;27.7;6.1;14936553;66486797
1765246268;14.2;27.7;6.1;14956782;66488864
1765246269;13.8;27.7;6.1;14977646;66491299
1765246270;13.8;27.7;6.1;14997961;66493318
1765246272;12.3;27.7;6.1;15018319;66495385
1765246273;13.4;27.7;6.1;15038720;66497237
1765246274;1.3;27.7;6.1;15060309;66499566
1765246275;13.6;27.7;6.1;15080794;66501632
1765246276;13.7;27.7;6.1;15101323;66503484
1765246277;13.8;27.7;6.1;15122558;66506254
1765246278;13.9;27.7;6.1;15143173;66508106
1765246279;14.2;27.7;6.1;15163831;66509958
1765246280;14.1;27.7;6.1;15184532;66512132
1765246281;2.5;27.7;6.1;15205939;66514687
1765246282;14.2;27.7;6.1;15226672;66516486
1765246284;13.8;27.7;6.1;15247449;66518727
1765246285;13.8;27.7;6.1;15269355;66520405
1765246286;14.1;27.7;6.1;15293317;66525051
1765246287;9.1;27.7;6.1;15314275;66527118
1765246288;15;28.3;6.1;15338666;66531431
1765246289;13.6;26.9;6.1;15360317;66534149
1765246290;15.1;26.9;6.1;15381401;66535881
1765246291;14;26.9;6.1;15402528;66537733
1765246292;14.7;26.9;6.1;15423696;66539740
1765249851;0.2;27.8;6.1;83420859;74301729
1765249852;0.3;27.8;6.1;83424526;74304240
1765249853;13.6;27.8;6.1;83427822;74306284
1765249854;0.3;27.8;6.1;83431191;74308329
1765249855;0.4;27.8;6.1;83434487;74310588
1765249856;13.8;27.8;6.1;83438946;74313187
1765249857;13.9;27.8;6.1;83442315;74315507
1765249858;14.7;27.8;6.1;83445839;74318103
1765249860;14.6;27.8;6.1;83448344;74320433
1765249861;15.6;27.8;6.1;83451641;74322693
1765249862;14.3;27.8;6.1;83454886;74324686
1765249863;14.1;27.8;6.1;83458267;74326797
1765249864;14.4;27.8;6.1;83462643;74329486
1765249865;13.7;27.8;6.1;83466012;74332946
1765249866;13.7;27.8;6.1;83469309;74334991
1765249867;13.6;27.8;6.1;83472554;74337259
1765249868;13.7;27.8;6.1;83475871;74339312
1765249869;13.7;27.8;6.1;83479168;74341572
1765249870;13.8;27.8;6.1;83483602;74344110
1765249872;13.8;27.8;6.1;83486847;74346103
1765249873;13.8;27.8;6.1;83490092;74348311
1765249874;14.2;27.8;6.1;83496190;74352823
1765249875;14.6;27.8;6.1;83499487;74354868
1765249876;16.8;28.1;6.1;83503792;74357694
1765249877;14.6;28.1;6.1;83508825;74360243
1765249878;15;28.1;6.1;83512574;74362762
1765249879;14;28.1;6.1;83516699;74365812
1765249880;14;28.1;6.1;83520512;74368391
1765249881;15;28.1;6.1;83524801;74371539
1765249882;15;28.1;6.1;83528598;74374058
1765249883;13.9;28.1;6.1;83532455;74376313
1765249885;14.1;28.1;6.1;83536364;74379263
1765249886;14;28.1;6.1;83539609;74381256
1765249887;14.2;28.1;6.1;83543554;74384201
1765249888;14;28.1;6.1;83547067;74386761
1765249889;13.8;28.1;6.1;83550580;74389046
1765249890;13.8;28.1;6.1;83555040;74391586
1765249891;13.8;28.1;6.1;83558953;74393996
1765249892;13.9;28.1;6.1;83562790;74396791
1765249893;13.6;28.1;6.1;83566495;74399465
1765249894;15.5;28.1;6.1;83617416;74450543
1765249896;17.9;28.1;6.1;83668213;74500048
1765249897;15.4;28.1;6.1;83719030;74549768
1765249898;18.1;28.1;6.1;83769867;74599273
1765249899;17.4;28.1;6.1;83821913;74649323
1765249900;17.3;28.1;6.1;83872790;74699043
1765249901;17.8;26.8;6.1;83922686;74748113
1765249902;15.3;26.8;6.1;83973830;74797690
1765249903;17.6;26.8;6.1;84024767;74847410
1765249904;17.9;26.8;6.1;84075776;74896967
1765249905;17.4;26.9;6.1;84126825;74946807
1765249906;17.5;26.9;6.1;84177750;74996260
1765249907;18;26.9;6.1;84229199;75046781
1765249909;17.4;26.9;6.1;84280216;75096593
1765249910;17.5;26.9;6.1;84331325;75146158
1765249911;17.6;26.9;6.1;84381737;75195346
1765249912;17.2;26.9;6.1;84432762;75245014
1765249913;18.6;27;6.1;84483911;75294571
1765249914;18.1;27.1;6.1;84537536;75346279
1765249915;19.2;27.1;6.1;84588725;75396051
1765249916;17.9;27.1;6.1;84640018;75445674
1765249917;17.9;27.2;6.1;84692715;75495608
1765249918;18.1;27.2;6.1;84743985;75545440
1765249919;27.3;28.1;6.1;84797447;75595795
1765249921;21.5;28.1;6.1;84848576;75645600
1765249922;18.6;28.1;6.1;84900858;75696099
1765249923;19.1;28.1;6.1;84952748;75746406
1765249924;17.4;28.1;6.1;85004118;75797378
1765249925;17.9;28.1;6.1;85055508;75846935
1765249926;17.4;28.1;6.1;85107134;75896732
1765249927;17.9;28.1;6.1;85158960;75947074
1765249928;18.7;28.1;6.1;85210806;75997081
1765249929;18.3;28.1;6.1;85262276;76046638
1765249930;17.9;28.2;6.1;85315599;76097135
1765249931;16.4;28.2;6.1;85367289;76146956
1765249933;16.8;28.2;6.1;85419655;76197720
1765249934;16.7;28.2;6.1;85471625;76247849
1765249935;16.1;28.2;6.1;85524477;76298354
1765249936;16.8;28.2;6.1;85576239;76348224
1765249937;17.3;28.2;6.1;85628114;76398031
1765249938;16.9;28.2;6.1;85679670;76447484
1765249939;17.9;28.3;6.1;85731313;76497204
1765249940;16.1;28.3;6.1;85783026;76546597
1765249941;16.7;28.3;6.1;85834929;76596122
1765249942;16.9;28.4;6.1;85886712;76645790
1765249943;16.6;28.5;6.1;85938530;76695303
1765249944;16.9;28.5;6.1;85990383;76744756
1765249945;33.3;28.5;6.1;86045290;76795833
1765249947;16.5;28.6;6.1;86097297;76845412
1765249948;17.7;28.6;6.1;86222055;76911678
1765249949;19.2;28.7;6.1;86287089;76962184
1765249950;18.5;28.7;6.1;86339313;77011809
1765249951;17.6;28.7;6.1;86391428;77061529
1765249952;19;28.7;6.1;86508508;77436460
1765249953;18.4;28.7;6.1;86560693;77486673
1765249954;20.6;28.7;6.1;86924215;77557303
1765249955;21.2;28.8;6.1;87068209;77610257
1765249956;19.7;28.8;6.1;87120447;77660342
1765249957;16.7;28.8;6.1;87172844;77710122
1765249958;19;28.8;6.1;87225152;77759575
1765249959;16.4;28.8;6.1;87278087;77809663
1765249960;18.4;27.6;6.1;87330465;77859331
1765249961;16.9;27.6;6.1;87383002;77908896
1765249963;17.9;27.7;6.1;87436112;77959199
1765249964;18.1;27.7;6.1;87488739;78008712
1765249965;17.7;27.9;6.1;87541257;78058165
1765249966;16;27.9;6.1;87593862;78107885
1765249967;17.9;28;6.1;87694427;78205269
1765249968;17.4;28;6.1;87700153;78240748
1765249969;17.4;28;6.1;87754208;78257422
1765249970;16.3;28;6.1;87806974;78306935
1765249971;14.8;28;6.1;87907413;78404129
1765249972;18.9;28;6.1;87961466;78453969
1765249973;17;28;6.1;88039517;78504233
1765249974;19.3;28;6.1;88070776;78507599
1765249975;10.6;28;6.1;88149719;78558817
1765249977;15.7;28.1;6.1;88230085;78609475
1765249978;18.1;28.1;6.1;88308524;78660058
1765249979;16.5;28.1;6.1;88388507;78711233
1765249980;16.9;28.1;6.1;88467154;78762786
1765249981;19;28.3;6.1;88545827;78814784
1765249982;16.5;28.4;6.1;88624379;78865079
1765249983;17;28.6;6.1;88704702;78916136
1765249984;17.3;28.7;6.1;88783605;78966719
1765249985;17.3;28.8;6.1;88862586;79017087
1765249986;17.1;28.9;6.1;88941645;79067455
1765249987;5.8;29;6.1;89021445;79118733
1765249988;17.1;29.1;6.1;89100656;79169160
1765249989;16.6;29.2;6.1;89165104;79219108
1765249990;16.5;29.2;6.1;89233300;79269248
1765249991;16.4;28;6.1;89313304;79320251
1765249992;13.2;28.1;6.1;89392852;79370671
1765249994;16.8;28.1;6.1;89472467;79421254
1765249995;17.3;28.1;6.1;89554143;79472717
1765249996;17;28.1;6.1;89633914;79523300
1765249997;17.9;28.2;6.1;89713833;79573728
1765249998;16.7;28.3;6.1;89793758;79624096
1765249999;16.8;28.3;6.1;89874569;79675314
1765250000;16.5;28.4;6.1;89954774;79725674
1765250001;17.1;28.4;6.1;90037190;79776475
1765250002;16.2;28.5;6.1;90116018;79826959
1765250003;6.5;28.6;6.1;90198611;79878442
1765250004;16.6;28.8;6.1;90279280;79929223
1765250005;17.1;28.9;6.1;90361441;79980010
1765250006;17.1;29.1;6.1;90442148;80030438
1765250007;16.7;29.2;6.1;90525236;80082079
1765250008;12.5;27.9;6.1;90606099;80132722
1765250010;17.2;27.9;6.1;90687164;80184677
1765250011;43.7;27.9;6.1;90768916;80235895
1765250012;16;28;6.1;90850137;80286435
1765250013;16.6;28.1;6.1;90927988;80336486
1765250014;16.9;28.2;6.1;91009237;80387129
1765250015;17;28.2;6.1;91094040;80438052
1765250016;16.9;28.2;6.1;91175443;80488480
1765250017;17;28.3;6.1;91256976;80539115
1765250018;16.5;28.3;6.1;91340137;80589675
1765250019;16.2;28.4;6.1;91419416;80639676
1765250020;17.8;28.5;6.1;91502785;80690851
1765250021;16.7;28.5;6.1;91584648;80741339
1765250022;16.8;27.1;6.1;91666589;80791827
1765250023;16.8;27.2;6.1;91748623;80842410
1765250025;19.2;27.2;6.1;91877893;80940056
1765250026;16.6;27.2;6.1;91912977;80943438
1765250027;17.4;27.2;6.1;91996311;80993959
1765250028;17.6;27.2;6.1;92078657;81044327
1765250029;16.7;27.3;6.1;92162613;81095048
1765250030;17.1;27.3;6.1;92254006;81147588
1765250031;16.8;27.3;6.1;92336658;81198136
1765250032;17.2;27.3;6.1;92419316;81248839
1765250033;17;27.3;6.1;92549126;81346329
1765250034;17.8;27.3;6.1;92634162;81397778
1765250035;17.3;27.3;6.1;92670018;81401435
1765250036;16.2;27.3;6.1;92752986;81451923
1765250037;17;27.3;6.1;92836084;81502463
1765250038;17.1;27.3;6.1;92919866;81555276
1765250039;17.2;27.3;6.1;93003118;81605816
1765250041;18.1;27.4;6.1;93098216;81979419
1765250042;20.6;27.3;6.1;93196188;83148139
1765250043;22.9;27.3;6.1;93349967;84519955
1765250044;25;27.2;6.1;93396786;85969950
1765250045;24.5;27.2;6.1;93512098;87307353
1765250046;22.8;27.2;6.1;93651427;88869489
1765250047;23;27.2;6.1;93765992;90258493
1765250048;22.5;27.2;6.1;93854315;91619552
1765250049;20.8;27.2;6.1;93937221;92373872
1765250050;22.7;27.1;6.1;94042124;93937290
1765250051;21.3;27.2;6.1;94134288;95472633
1765250052;24;27.2;6.1;94230024;97102107
1765250054;28.7;27.3;6.1;94338400;98845193
1765250055;26.6;27.3;6.1;94435067;100914440
1765250056;26.3;27.3;6.1;94541165;102885428
1765250057;24.6;27.2;6.1;94633288;105006885
1765250058;32.5;27.3;6.1;94732944;106968791
1765250059;25;27.2;6.1;94830025;108751488
1765250060;24.5;27.2;6.1;94920760;110517675
1765250061;25.6;27.3;6.1;95003933;112415191
1765250062;21.6;27.3;6.1;95091907;114407243
1765250063;26.6;27.3;6.1;95188737;116539136
1765250064;24.6;27.3;6.1;95281190;118814554
1765250065;25.5;27.3;6.1;95361855;121198876
1765250067;25.5;27.3;6.1;95450003;123652254
1765250068;22.1;27.4;6.1;95525913;126125987
1765250069;26.3;27.4;6.1;95606969;128628330
1765250070;24.3;27.4;6.1;95667189;130235259
1765250071;29.3;27.1;6.1;95756586;131588205
1765250072;28.5;27.1;6.1;95843792;131638904
1765250073;18.5;27.1;6.1;95929649;131689497
1765250074;18.5;27.1;6.1;96016247;131741000
1765250075;18.4;27.1;6.1;96102245;131791549
1765250076;18.6;27.1;6.1;96188322;131842158
1765250077;17.8;27.1;6.1;96274582;131893026
1765250078;8.4;27.1;6.1;96363063;131944628
1765250080;19.1;27.2;6.1;96449427;131995228
1765250081;18.3;27.2;6.1;96534025;132045845
1765250082;40;27.2;6.1;96621191;132097133
1765250083;19;27.2;6.1;96709375;132148433
1765250084;17.5;27.2;6.1;96796000;132198982
1765250085;16.4;27.2;6.1;96882704;132249531
1765250086;16.9;27.2;6.1;96970179;132301034
1765250087;18.4;27.2;6.1;97057217;132351747
1765250088;19.2;27.2;6.1;97144821;132402826
1765250089;19.2;27.2;6.1;97233425;132453990
1765250090;18.2;27.2;6.1;97321236;132505286
1765250091;14.6;27.2;6.1;97410050;132556449
1765250093;19.6;27.2;6.1;97501652;132608184
1765250094;18.3;27.2;6.1;97589055;132658725
1765250095;18.2;27.2;6.1;97680241;132710313
1765250096;16.9;27.2;6.1;97767894;132761063
1765250097;18.4;27.2;6.1;97855626;132812063
1765250098;18.2;27.2;6.1;97944078;132863634
1765250099;17.8;27.2;6.1;98032020;132914295
1765250100;18.5;27.2;6.1;98072883;132918331
1765250101;20.1;27.2;6.1;98161004;132969816
1765250102;18.4;27.2;6.1;98296798;133068064
1765250103;14.9;27.3;6.1;98338074;133071791
1765250104;17.1;27.3;6.1;98427631;133123034
1765250105;17.3;27.5;6.1;98515996;133173644
1765250106;17.5;27.5;6.1;98609900;133225421
1765250108;12.6;27.5;6.1;98698438;133276246
1765250109;17.8;27.6;6.1;98788450;133327282
1765250110;17.2;27.6;6.1;98875522;133377980
1765250111;17.5;27.6;6.1;98966313;133429567
1765250112;17;27.6;6.1;99055167;133480177
1765250113;17.3;27.6;6.1;99144170;133531002
1765250114;18.3;27.6;6.1;99233842;133582247
1765250115;18.1;27.6;6.1;99291845;133631940
1765250116;17.2;27.9;6.1;99382617;133683335
1765250117;17.1;27.9;6.1;99475285;133734403
1765250118;16.4;27.9;6.1;99565345;133785708
1765250119;17.2;27.9;6.1;99623436;133835624
1765250120;16.8;27.9;6.1;99713076;133886360
1765250121;16;27.9;6.1;99802711;133936970
1765250122;17.3;27.9;6.1;99893013;133988430
1765250124;18.1;27.9;6.1;99983789;134039172
1765250125;16.5;27.9;6.1;100042674;134089883
1765250126;17.4;27.9;6.1;100134028;134141909
1765250127;15.4;27.9;6.1;100225681;134193365
1765250128;17;27.9;6.1;100316500;134244677
1765250129;16.9;27.9;6.1;100406698;134295340
1765250130;12;27.9;6.1;100497512;134346526
1765250131;17.4;27.9;6.1;100587816;134397352
1765250132;17;27.9;6.1;100678178;134447955
1765250133;16.9;27.9;6.1;100774926;134499234
1765250134;16.7;27.9;6.1;100867269;134551405
1765250135;16.8;27.9;6.1;100957934;134602076
1765250136;16.4;28.1;6.1;101048679;134652687
1765250137;16.7;28.1;6.1;101139576;134703513
1765250138;5;28.1;6.1;101231085;134754759
1765250140;18.1;28.2;6.1;101322121;134805454
1765250141;17.1;28.2;6.1;101460377;134903447
1765250142;17.1;28.2;6.1;101555983;134954946
1765250143;17;28.2;6.1;101649240;135006454
1765250144;17.2;28.2;6.1;101693567;135010062
1765250145;16.7;28.2;6.1;101784977;135060673
1765250146;13;28.2;6.1;101878608;135112686
1765250147;17.1;28.6;6.1;101970176;135163237
1765250148;17.4;28.6;6.1;102061896;135213908
1765250149;17.8;28.6;6.1;102147640;135264305
1765250150;17.4;27.3;6.1;102243300;135316071
1765250151;17.4;27.4;6.1;102335260;135366742
1765250152;18.1;27.4;6.1;102427660;135418066
1765250153;17.5;27.4;6.1;102520113;135469235
1765250154;17.3;27.4;6.1;102612905;135520541
1765250156;16.7;27.4;6.1;102705185;135572662
1765250157;14;27.6;6.1;102797545;135623273
1765250158;18.1;27.6;6.1;102893783;135675363
1765250159;20.2;27.6;6.1;102986301;135726249
1765250160;17.6;27.6;6.1;103080187;135776560
1765250161;18.5;27.7;6.1;103172865;135827446
1765250162;18;27.7;6.1;103266267;135878804
1765250163;17.7;27.7;6.1;103361369;135932264
1765250164;16.5;27.7;6.1;103454285;135983150
1765250165;17.1;27.7;6.1;103548105;136034379
1765250166;7.8;27.8;6.1;103641857;136085745
1765250167;17.2;27.8;6.1;103735026;136136415
1765250168;17.1;27.8;6.1;103828276;136187026
1765250169;17.3;27.8;6.1;103921730;136237809
1765250171;8.2;27.9;6.1;104015803;136289330
1765250172;17.7;28;6.1;104109291;136339940
1765250173;17.2;28;6.1;104190999;136390071
1765250174;18.3;28;6.1;104263237;136440663
1765250175;29.6;28;6.1;104358738;136491870
1765250176;17.3;28;6.1;104452577;136542879
1765250177;17.8;28;6.1;104595262;136641149
1765250178;15.2;28.1;6.1;104689751;136692386
1765250179;17.1;28.2;6.1;104783812;136743329
1765250180;17.9;28.2;6.1;104878005;136794109
1765250181;17.9;28.4;6.1;104975027;136847244
1765250182;9.2;28.5;6.1;105071704;136899422
1765250183;18.4;27.3;6.1;105166084;136951564
1765250185;20.6;28;6.1;105268708;137003660
1765250186;20.5;28.1;6.1;105319905;137008024
1765250187;19.1;28.1;6.1;105417471;137060437
1765250188;16.8;28.2;6.1;105514294;137112927
1765250189;17.1;28.2;6.1;105611545;137165460
1765250190;18.7;28.2;6.1;105710842;137219961
1765250191;19.7;28.2;6.1;105807813;137271534
1765250192;17.9;28.2;6.1;105903420;137322826
1765250193;17.4;28.2;6.1;105998635;137373554
1765250194;7.2;28.2;6.1;106094522;137425132
1765250195;17.3;28.3;6.1;106190054;137475919
1765250196;17.3;28.3;6.1;106285595;137526647
1765250197;17.4;28.3;6.1;106381445;137577956
1765250198;17;28.3;6.1;106479157;137629349
1765250199;18.1;28.3;6.1;106574938;137680171
1765250201;17;28.3;6.1;106671231;137731688
1765250202;17.3;28.3;6.1;106767870;137783430
1765250203;17.4;28.3;6.1;106865817;137834622
1765250204;18.2;28.3;6.1;106963675;137887358
1765250205;17.3;28.3;6.1;107061966;137939336
1765250206;16.6;28.4;6.1;107159720;137991697
1765250207;18.2;28.4;6.1;107256995;138043354
1765250208;18.3;28.4;6.1;107356018;138094856
1765250209;16.1;28.4;6.1;107437542;138145381
1765250210;17.5;28.4;6.1;107515876;138196681
1765250211;17.1;28.4;6.1;107614022;138247981
1765250212;14.7;28.4;6.1;107710768;138300393
1765250213;17.2;28.5;6.1;107807542;138351123
1765250214;5.7;28.5;6.1;107904985;138402488
1765250216;16.9;28.5;6.1;108001918;138453372
1765250217;17.3;28.5;6.1;108098976;138504102
1765250218;17.1;28.6;6.1;108248941;138602491
1765250219;17.1;28.6;6.1;108299868;138607197
1765250220;17;28.6;6.1;108397268;138657987
1765250221;17.9;28.7;6.1;108494798;138709362
1765250222;16.2;28.7;6.1;108593019;138761602
1765250223;17.6;28.7;6.1;108690657;138812392
1765250224;18.7;28.7;6.1;108835481;138910443
1765250225;17.7;28.7;6.1;108887705;138914475
1765250226;17;28.7;6.1;108986172;138965900
1765250227;17.1;28.8;6.1;109084128;139016905
1765250228;15.1;28.8;6.1;109182216;139067747
1765250229;16.7;28.8;6.1;109274689;139118050
1765250230;6.6;29;6.1;109374550;139169750
1765250232;17.4;29;6.1;109466686;139220428
1765250233;17.3;29;6.1;109557421;139270669
1765250234;16.6;29.1;6.1;109657899;139322675
1765250235;17.4;29.1;6.1;109756408;139373465
1765250236;17.3;29.2;6.1;109855069;139424315
1765250237;18.1;29.2;6.1;109957102;139475773
1765250238;17.5;29.3;6.1;110056585;139527258
1765250239;16.9;29.4;6.1;110155466;139578315
1765250240;35.4;29.4;6.1;110256802;139630758
1765250241;30.4;29.4;6.1;110417074;139729356
1765250242;44.8;29.4;6.1;110510320;139781289
1765250243;65.2;29.4;6.1;110606854;139831923
1765250244;64.6;29.4;6.1;110675013;139882008
1765250245;65.3;29.4;6.1;110774292;139933013
1765250247;65;29.4;6.1;110873723;139983803
1765250248;65.1;29.4;6.1;110974452;140035163
1765250249;65.3;29.4;6.1;111074929;140086048
1765250250;43.6;29.4;6.1;111177056;140137143
1765250251;18.4;29.5;6.1;111278414;140188547
1765250252;18.5;29.5;6.1;111379748;140239630
1765250253;17.1;29.5;6.1;111487926;140291027
1765250254;47.5;29.5;6.1;111589584;140342375
1765250255;18.8;29.5;6.1;111691750;140394217
1765250256;41.7;28.2;6.1;111792944;140445441
1765250257;17.3;28.2;6.1;111893362;140496498
1765250258;17.1;28.2;6.1;111995340;140547354
1765250259;41.3;28.3;6.1;112095970;140598248
1765250261;17.3;28.3;6.1;112198088;140649757
1765250262;19.3;28.3;6.1;112298754;140700547
1765250263;18.4;28.3;6.1;112399552;140751389
1765250264;18.3;28.3;6.1;112501652;140802618
1765250265;18.3;28.3;6.1;112602732;140853618
1765250266;34;28.3;6.1;112717345;140906261
1765250267;64.8;28.3;6.1;112818444;140957266
1765250268;64.8;28.3;6.1;112921155;141008566
1765250269;32.9;28.3;6.1;112991494;141059365
1765250270;99.6;28.3;6.1;113086347;141110080
1765250271;100;28.3;6.1;113189733;141163027
1765250273;100;28.3;6.1;113304021;141214857
1765250274;100;28.4;6.1;113405627;141265708
1765250275;95.4;28.4;6.1;113520904;141318404
1765250276;81;28.4;6.1;113675416;141372733
1765250277;100;28.4;6.1;113797202;141425881
1765250278;100;28.4;6.1;113896695;141478315
1765250280;100;28.4;6.1;114013300;141531025
1765250281;100;28.4;6.1;114136996;141583315
1765250282;100;28.4;6.1;114255045;141637147
1765250283;92.2;28.4;6.1;114372067;141689578
1765250284;100;28.4;6.1;114474386;141740643
1765250286;100;28.4;6.1;114578285;141791554
1765250287;100;28.4;6.1;114682269;141842981
1765250288;100;28.4;6.1;114786314;141893916
1765250289;100;28.4;6.1;114895872;141945494
1765250290;100;28.4;6.1;115045644;142043443
1765250291;96.2;28.4;6.1;115150013;142094498
1765250292;76.5;28.4;6.1;115253000;142146040
1765250293;29.5;28.4;6.1;115357579;142197733
1765250295;41.6;28.4;6.1;115460778;142248695
1765250296;18.7;28.5;6.1;115564057;142299657
1765250297;57;28.5;6.1;115667364;142350567
1765250298;17.7;28.5;6.1;115781399;142402672
1765250299;17.4;28.5;6.1;115885446;142453702
1765250300;19;28.5;6.1;115989304;142505051
1765250301;19.1;28.5;6.1;116093131;142555953
1765250302;18.3;28.5;6.1;116198498;142607688
1765250303;19.1;28.5;6.1;116302341;142658590
1765250304;18.9;28.5;6.1;116407919;142709963
1765250305;18.8;28.6;6.1;116512045;142761139
1765250307;18.7;28.6;6.1;116616179;142812100
1765250308;18.8;28.6;6.1;116721925;142863223
1765250309;20.5;28.6;6.1;116827803;142914355
1765250310;18.9;28.7;6.1;116932433;142964962
1765250311;19;28.7;6.1;117036939;143015975
1765250312;19;28.8;6.1;117134457;143066538
1765250313;18.8;28.8;6.1;117239087;143117507
1765250314;18;28.8;6.1;117336889;143167921
1765250315;18.1;28.8;6.1;117441709;143219209
1765250316;18.3;28.8;6.1;117546629;143270170
1765250317;19.1;28.8;6.1;117652777;143321988
1765250318;18.8;28.8;6.1;117757837;143372941
1765250320;18.3;28.8;6.1;117864529;143424556
1765250321;18.7;28.8;6.1;117972584;143476364
1765250322;18.2;28.8;6.1;118077884;143527317
1765250323;18.5;28.8;6.1;118183284;143578218
1765250324;18.8;28.8;6.1;118293561;143630268
1765250325;19;28.8;6.1;118401293;143681181
1765250326;18.9;28.8;6.1;118506946;143732142
1765250327;18.6;28.8;6.1;118614263;143783520
1765250328;18.4;28.9;6.1;118720096;143834429
1765250329;18.7;28.9;6.1;118826041;143885773
1765250330;18.7;28.9;6.1;118923492;143936217
1765250332;18.4;28.9;6.1;119008124;143987066
1765250333;18.7;28.9;6.1;119115744;144038122
1765250334;19.1;28.9;6.1;119210783;144089444
1765250335;18.8;28.9;6.1;119317155;144140517
1765250336;18.7;29;6.1;119423699;144191333
1765250337;18.7;29;6.1;119531711;144242822
1765250338;18.3;29;6.1;119649801;144294924
1765250339;18.5;29;6.1;119756680;144346525
1765250340;18.8;29.1;6.1;119872326;144398062
1765250341;18.9;29.1;6.1;119980700;144449481
1765250342;20.1;29.1;6.1;120089435;144501335
1765250344;18;29.1;6.1;120196666;144552722
1765250345;19.1;29.2;6.1;120305352;144604228
1765250346;17.1;29.2;6.1;120412584;144655069
1765250347;18.6;29.2;6.1;120519948;144706082
1765250348;18.4;29.2;6.1;120629822;144757526
1765250349;18.4;29.2;6.1;120737274;144808599
1765250350;18.8;29.2;6.1;120844878;144859732
1765250351;19.2;29.3;6.1;120952555;144910633
1765250352;19.3;29.3;6.1;121050240;144961157
1765250353;18.6;29.3;6.1;121158005;145012393
1765250354;18.3;29.3;6.1;121265902;145063466
1765250356;18.8;29.3;6.1;121332279;145113338
1765250357;18.8;29.3;6.1;121441594;145165268
1765250358;18.7;29.3;6.1;121549711;145217696
1765250359;19.6;29.3;6.1;121657856;145268717
1765250360;19.1;29.3;6.1;121766096;145319953
1765250361;18.6;29.3;6.1;121876020;145371340
1765250362;18.3;29.3;6.1;121984492;145422121
1765250363;16.6;29.3;6.1;122093044;145473142
1765250364;18.3;29.3;6.1;122203280;145524925
1765250365;16.9;29.3;6.1;122269903;145574946
1765250366;17.8;29.3;6.1;122380254;145626111
1765250368;16.3;29.3;6.1;122490606;145677218
1765250369;17.2;29.3;6.1;122599702;145728514
1765250370;17;29.3;6.1;122709378;145779361
1765250371;17.1;29.4;6.1;122778060;145829561
1765250372;17.7;29.4;6.1;122887644;145881219
1765250373;17.4;29.4;6.1;122996882;145932248
1765250374;16.5;29.4;6.1;123106200;145983277
1765250375;17.2;29.4;6.1;123215598;146034161
1765250376;17.8;29.4;6.1;123326608;146085898
1765250377;17.8;29.4;6.1;123436166;146137656
1765250378;17.2;28.1;6.1;123545856;146188737
1765250379;16.7;28.1;6.1;123655574;146239766
1765250380;17.1;28.2;6.1;123768717;146291355
1765250382;16.8;28.2;6.1;123880107;146342966
1765250383;17.3;28.2;6.1;123991525;146394157
1765250384;17.3;28.3;6.1;124148755;146492506
1765250385;17.2;28.3;6.1;124258972;146543790
1765250386;16.8;28.4;6.1;124381317;146595441
1765250387;17.9;28.5;6.1;124491610;146648160
1765250388;18.1;28.5;6.1;124587296;146698529
1765250389;17.4;28.5;6.1;124611505;146701155
1765250390;18;28.6;6.1;124781481;146800473
1765250391;17.7;28.6;6.1;124845031;146804457
1765250392;16.6;28.6;6.1;124955816;146855538
1765250393;18;28.6;6.1;125113910;146954234
1765250394;18.2;28.6;6.1;125225175;147005665
1765250395;17.4;28.6;6.1;125340638;147057531
1765250397;17.5;28.6;6.1;125408170;147062471
1765250398;17.5;28.7;6.1;125519490;147113560
1765250399;17.1;28.8;6.1;125630818;147164804
1765250400;17.4;28.8;6.1;125781218;147263123
1765250401;17.7;28.9;6.1;125846065;147267991
1765250402;18.2;28.9;6.1;125957688;147319169
1765250403;17.9;29.1;6.1;126069339;147370200
1765250404;17.3;29.1;6.1;126182602;147421951
1765250405;17;29.1;6.1;126296017;147473419
1765250406;17.2;29.1;6.1;126407906;147524450
1765250407;17.4;29.1;6.1;126519875;147575301
1765250408;17;29.1;6.1;126633436;147626912
1765250409;17.1;29.1;6.1;126745615;147677995
1765250410;18;29.1;6.1;126858490;147729179
1765250412;17.5;29.1;6.1;126978833;147781298
1765250413;17.3;29.1;6.1;127091213;147832713
1765250414;17.1;29.2;6.1;127203745;147883899
1765250415;16.8;29.2;6.1;127293971;147934330
1765250416;16.9;29.2;6.1;127387849;147986839
1765250417;17.2;29.2;6.1;127500648;148037785
1765250418;18.1;29.2;6.1;127613755;148089158
1765250419;16.5;29.2;6.1;127726642;148140189
1765250420;17.4;29.2;6.1;127841193;148192063
1765250421;17.3;29.2;6.1;127947066;148242607
1765250422;17;29.2;6.1;128062861;148293848
1765250423;17.1;29.2;6.1;128167468;148344599
1765250424;16.5;29.2;6.1;128280753;148395564
1765250425;16.6;29.2;6.1;128397009;148447463
1765250426;17.8;27.9;6.1;128510499;148498494
1765250428;16.8;27.9;6.1;128625616;148550023
1765250429;17.4;28;6.1;128739353;148601329
1765250430;16.7;28.1;6.1;128853096;148652360
1765250431;16.8;28.1;6.1;128966919;148703451
1765250432;18.1;28.1;6.1;129080894;148754757
1765250433;16.9;28.1;6.1;129183748;148805293
1765250434;17.1;28.2;6.1;129297863;148856204
1765250435;17.1;28.2;6.1;129415154;148907275
1765250436;16.8;28.2;6.1;129496216;148957704
1765250437;16.9;28.2;6.1;129599437;149008300
1765250438;17.1;28.3;6.1;129718639;149059994
1765250439;17.2;28.3;6.1;129833273;149111205
1765250440;17.5;28.3;6.1;129950178;149162500
1765250441;17.4;28.3;6.1;130068374;149214560
1765250443;17.3;28.3;6.1;130183032;149265651
1765250444;17.9;28.3;6.1;130330902;149363900
1765250445;17.7;28.3;6.1;130414237;149369613
1765250446;17.4;28.3;6.1;130529252;149420704
1765250447;18.1;28.3;6.1;130644347;149471950
1765250448;17;28.3;6.1;130761054;149523617
1765250449;17.3;28.3;6.1;130876307;149574708
1765250450;17.7;28.3;6.1;130991640;149625859
1765250451;17.5;28.3;6.1;131113549;149677716
1765250452;17.6;28.3;6.1;131229252;149728978
1765250453;16.6;28.6;6.1;131346371;149781009
1765250454;17.4;28.6;6.1;131463622;149832733
1765250455;17;28.6;6.1;131580901;149884110
1765250456;16.9;28.6;6.1;131696726;149935200
1765250458;17.1;28.6;6.1;131812631;149986290
1765250459;17.3;28.6;6.1;131930220;150037818
1765250460;17.4;28.6;6.1;132093287;150135910
1765250461;17.7;28.6;6.1;132195535;150187592
1765250462;18.1;28.6;6.1;132291600;150239394
1765250463;17.6;28.6;6.1;132351177;150243789
1765250464;17.9;28.6;6.1;132469049;150294915
1765250465;17;28.6;6.1;132585469;150346005
1765250466;17;28.7;6.1;132709858;150397857
1765250467;16.9;28.9;6.1;132826580;150449007
1765250468;17.3;28.9;6.1;132943576;150500484
1765250469;17.3;27.7;6.1;133060429;150551574
1765250470;17;27.7;6.1;133177414;150602716
1765250471;17.4;27.8;6.1;133296009;150654787
1765250473;18.1;27.8;6.1;133413100;150705817
1765250474;17;27.8;6.1;133530199;150756907
1765250475;17.2;27.9;6.1;133649032;150809902
1765250476;17.6;28;6.1;133766485;150860984
1765250477;17.4;28;6.1;133883907;150912289
1765250478;17.2;28;6.1;134003240;150964105
1765250479;18.3;28;6.1;134120818;151015195
1765250480;18.1;28;6.1;134287308;151113707
1765250481;17.1;28;6.1;134405010;151164693
1765250482;17.4;28.1;6.1;134475820;151168781
1765250483;17.5;28.1;6.1;134582647;151219823
1765250484;17.5;28.2;6.1;134703911;151271345
1765250485;17.7;28.2;6.1;134812448;151321880
1765250486;17.4;28.2;6.1;134930632;151372962
1765250488;17.1;28.2;6.1;135050376;151424262
1765250489;17.4;28.3;6.1;135168740;151475627
1765250490;16.9;28.3;6.1;135287112;151526717
1765250491;17.3;28.3;6.1;135415449;151578360
1765250492;17.2;28.3;6.1;135526602;151629545
1765250493;16.9;28.4;6.1;135595448;151679107
1765250494;16.9;28.4;6.1;135721971;151731421
1765250495;17;28.5;6.1;135840842;151782846
1765250496;16.7;28.5;6.1;135959949;151834309
1765250497;17.5;28.5;6.1;136088777;151885931
1765250498;17.3;28.5;6.1;136209911;151937654
1765250499;17;28.5;6.1;136329962;152034807
1765250500;17.1;28.5;6.1;136449437;152086121
1765250501;17;28.6;6.1;136568814;152137546
1765250503;17.3;28.6;6.1;136689979;152189496
1765250504;18.4;28.7;6.1;136811170;152241940
1765250505;17.7;28.7;6.1;136932414;152293346
1765250506;17.7;28.8;6.1;137010246;152298632
1765250507;16.2;28.8;6.1;137130138;152350117
1765250508;16.9;28.9;6.1;137251694;152402093
1765250509;17.1;28.9;6.1;137374810;152453867
1765250510;17;28.9;6.1;137494942;152505292
1765250511;17.3;29;6.1;137615152;152556562
1765250512;16.9;29;6.1;137736972;152608552
1765250513;17.4;29;6.1;137857410;152660037
1765250514;16.9;29;6.1;137977854;152711307
1765250515;17.4;29;6.1;138085067;152761848
1765250516;17;29;6.1;138206506;152814015
1765250517;17.3;29;6.1;138327182;152865285
1765250519;18.1;29;6.1;138449520;152917177
1765250520;17.2;29.1;6.1;138601276;153015280
1765250521;18;27.9;6.1;138692650;153066151
1765250522;18.6;27.9;6.1;138800939;153116737
1765250523;16.6;27.9;6.1;138876539;153121077
1765250524;17.7;28;6.1;138999365;153172353
1765250525;17.8;28;6.1;139123188;153224122
1765250526;17.3;28;6.1;139244546;153275264
1765250527;17.9;28;6.1;139367477;153326606
1765250528;17.6;28.1;6.1;139488954;153378805
1765250529;17;28.2;6.1;139612043;153430351
1765250530;18.5;28.2;6.1;139735262;153481631
1765250531;17;28.3;6.1;139856905;153532876
1765250532;17.5;28.4;6.1;139978678;153585811
1765250534;17.5;28.4;6.1;140102083;153637807
1765250535;17.4;28.5;6.1;140224036;153689292
1765250536;17.4;28.5;6.1;140346121;153740614
1765250537;16.5;28.6;6.1;140469838;153792604
1765250538;17.3;28.6;6.1;140592155;153843866
1765250539;17;28.7;6.1;140679315;153894844
1765250540;16.9;28.8;6.1;140764958;153944979
1765250541;16.8;28.8;6.1;140842141;153995109
1765250542;17.1;28.8;6.1;140966191;154047037
1765250543;16.5;28.8;6.1;141088861;154098359
1765250544;17.7;28.8;6.1;141211611;154149621
1765250545;16.1;28.9;6.1;141335921;154201605
1765250546;16.9;29;6.1;141460356;154253234
1765250547;18.3;29;6.1;141630495;154351662
1765250549;17.3;29.1;6.1;141765806;154403729
1765250550;18.4;29.1;6.1;141889012;154455266
1765250551;17.8;29.1;6.1;141965140;154459430
1765250552;18.1;29.2;6.1;142088454;154510915
1765250553;17.8;29.2;6.1;142211776;154562065
1765250554;17.1;29.2;6.1;142335250;154612975
1765250555;16.9;29.2;6.1;142460388;154664938
1765250556;18.4;29.3;6.1;142584074;154716260
1765250557;17;29.3;6.1;142754874;154814628
1765250558;17.6;29.3;6.1;142831560;154818852
1765250559;17.4;29.3;6.1;142957036;154870692
1765250560;17.4;29.4;6.1;143081060;154921842
1765250561;17.9;29.4;6.1;143205087;154975233
1765250562;17.4;29.4;6.1;143330746;155027073
1765250564;17.3;29.5;6.1;143456485;155078643
1765250565;17.7;29.5;6.1;143627982;155177338
1765250566;17.8;29.5;6.1;143705243;155181442
1765250567;17.8;29.6;6.1;143829618;155232807
1765250568;17.8;29.6;6.1;143912980;155283289
1765250569;17.1;29.6;6.1;144029497;155334760
1765250570;18.9;29.6;6.1;144202777;155434191
1765250571;18;29.7;6.1;144281997;155438793
1765250572;20;29.7;6.1;144407059;155490175
1765250573;16.1;29.7;6.1;144533595;155542660
1765250574;19.4;29.7;6.1;144660158;155594638
1765250575;19.1;29.7;6.1;144785341;155645968
1765250576;17.5;29.7;6.1;144910565;155697573
1765250578;18.3;29.7;6.1;145035953;155748783
1765250579;17;29.7;6.1;145161349;155800113
1765250580;17.4;29.8;6.1;145296529;155852502
1765250581;18.1;29.8;6.1;145412225;155904069
1765250582;18.1;29.8;6.1;145531486;155955755
1765250583;18.4;29.8;6.1;145637306;156007097
1765250584;17.7;29.8;6.1;145741457;156059017
1765250585;17.3;29.9;6.1;145868885;156111034
1765250586;18;29.9;6.1;146042039;156209584
1765250587;17.1;29.9;6.1;146156602;156260959
1765250588;17.9;29.9;6.1;146244037;156265975
1765250589;17.4;29.9;6.1;146417449;156365888
1765250590;16;29.9;6.1;146496895;156369908
1765250592;15.2;29.9;6.1;146587085;156374265
1765250593;16.8;29.9;6.1;146669642;156378255
1765250594;16.3;29.9;6.1;146750323;156383031
1765250595;14.9;29.9;6.1;146834108;156387629
1765250596;14.6;29.9;6.1;146898720;156390822
1765250597;14.7;28.5;6.1;146977893;156394626
1765250598;14.8;28.6;6.1;147057346;156398494
1765250599;14.8;28.6;6.1;147151340;156402845
1765250600;14.9;28.6;6.1;147233821;156407678
1765250601;14.8;28.6;6.1;147311917;156412381
1765250602;14.6;28.6;6.1;147391541;156416243
1765250603;14.7;28.6;6.1;147471173;156420328
1765250605;14.9;28.6;6.1;147550917;156424190
1765250606;16.1;28.6;6.1;147634325;156430025
1765250607;15.5;28.7;6.1;147714593;156434390
1765250608;15.6;29.6;6.1;147745576;156437461
1765250609;17.1;29.7;6.1;147816367;156442694
1765250610;15.6;29.7;6.1;147896483;156446556
1765250611;16.2;29.7;6.1;147978139;156451008
1765250612;15.1;29.7;6.1;148069608;156456177
1765250613;19.3;29.8;6.1;148212301;156508262
1765250614;16.9;29.8;6.1;148343828;156560532
1765250616;19.5;29.8;6.1;148471831;156612181
1765250617;18.2;29.8;6.1;148599666;156663397
1765250618;15.8;29.8;6.1;148715116;156714178
1765250619;17.7;29.8;6.1;148843863;156765715
1765250620;17;29.8;6.1;148961803;156817042
1765250621;17;29.8;6.1;149034740;156867144
1765250622;16.7;29.8;6.1;149155293;156918597
1765250623;17.3;29.8;6.1;149295888;156970886
1765250624;18.9;29.8;6.1;149425997;157022552
1765250625;18;29.8;6.1;149554706;157073994
1765250626;17.6;29.8;6.1;149684955;157125208
1765250627;18.1;29.8;6.1;149813698;157176693
1765250629;16.2;29.8;6.1;149942618;157228299
1765250630;17.6;29.8;6.1;150073098;157280349
1765250631;17;29.8;6.1;150203710;157332810
1765250632;17.2;29.8;6.1;150334348;157384800
1765250633;18.1;29.9;6.1;150465066;157437077
1765250634;16.5;29.9;6.1;150594384;157488339
1765250635;17.2;29.9;6.1;150725262;157539891
1765250636;17.2;29.9;6.1;150854740;157591273
1765250637;17.2;29.9;6.1;150931990;157641436
1765250638;17.1;29.9;6.1;151110214;157740454
1765250639;17.3;29.9;6.1;151192846;157744678
1765250640;19.2;29.9;6.1;151322592;157796530
1765250641;16.6;29.9;6.1;151383132;157845736
1765250642;17.4;29.9;6.1;151497896;157896383
1765250644;16.7;28.6;6.1;151617421;157948118
1765250645;17.3;28.6;6.1;151732397;157999019
1765250646;17.4;28.6;6.1;151847341;158049666
1765250647;17.1;28.6;6.1;151963825;158100837
1765250648;16.9;28.7;6.1;152081685;158153035
1765250649;17.5;28.8;6.1;152147375;158202897
1765250650;17.7;28.8;6.1;152262534;158253612
1765250651;17.5;28.8;6.1;152377733;158304534
1765250652;17.3;28.8;6.1;152494472;158355699
1765250653;17;28.8;6.1;152609811;158406354
1765250654;17;28.8;6.1;152726670;158457441
1765250655;18.4;28.8;6.1;152889213;158555014
1765250656;16.9;28.8;6.1;152957550;158558563
1765250657;17.5;28.8;6.1;153120231;158656264
1765250658;17.5;28.8;6.1;153194144;158660297
1765250660;16.7;28.8;6.1;153309864;158710884
1765250661;17.3;28.8;6.1;153413273;158761052
1765250662;17.2;28.9;6.1;153530665;158812273
1765250663;17.1;28.9;6.1;153647048;158862958
1765250664;17;29;6.1;153751296;158913460
1765250665;16.8;29.1;6.1;153835032;158963455
1765250666;16.5;29.1;6.1;153943008;159014703
1765250667;16.6;29.1;6.1;154060534;159066144
1765250668;16.2;29.1;6.1;154178105;159117537
1765250669;16;29.3;6.1;154291029;159168271
1765250670;16.1;29.3;6.1;154413049;159219824
1765250671;16.2;29.3;6.1;154529266;159270419
1765250672;17.2;29.3;6.1;154647289;159322357
1765250673;16.5;29.3;6.1;154763596;159373012
1765250674;16.8;29.3;6.1;154879948;159423607
1765250676;16;29.3;6.1;154996417;159474262
1765250677;16;29.3;6.1;155112857;159524677
1765250678;16.6;29.3;6.1;155229641;159577041
1765250679;16.5;29.3;6.1;155349357;159628887
1765250680;15.6;29.3;6.1;155453533;159679174
1765250681;16.2;29.3;6.1;155533462;159729316
1765250682;15.9;29.3;6.1;155643639;159779656
1765250683;16.8;29.3;6.1;155760374;159831025
1765250684;17;29.3;6.1;155843206;159880906
1765250685;16.5;29.3;6.1;155939782;159931082
1765250686;16.5;29.3;6.1;156056702;159981909
1765250687;16.5;29.3;6.1;156173615;160032504
1765250688;16.5;29.3;6.1;156337575;160130161
1765250689;17.4;29.5;6.1;156410869;160134750
1765250691;16.4;29.5;6.1;156527917;160185620
1765250692;18.5;29.5;6.1;156682254;160286068
1765250693;17.6;29.6;6.1;156767792;160290159
1765250694;21;29.9;6.1;156889652;160344058
1765250695;20.4;28.6;6.1;157008455;160394725
1765250696;18.4;28.6;6.1;157127303;160445811
1765250697;16.8;28.6;6.1;157244664;160496406
1765250698;18;28.6;6.1;157409176;160594167
1765250699;18;28.6;6.1;157480979;160598370
1765250700;17.4;28.7;6.1;157599295;160649453
1765250701;16.9;28.7;6.1;157720530;160701211
1765250702;18;28.7;6.1;157890000;160799997
1765250703;17.3;28.7;6.1;157961110;160803666
1765250705;16;28.7;6.1;158079805;160855400
1765250706;16.5;28.8;6.1;158198568;160907651
1765250707;16.5;28.8;6.1;158317829;160958697
1765250708;16.7;28.8;6.1;158435591;161009173
1765250709;16.7;28.8;6.1;158538286;161059349
1765250710;16;29;6.1;158614416;161108910
1765250711;16.4;29;6.1;158733872;161160076
1765250712;16.1;29.1;6.1;158853369;161211314
1765250713;16.4;29.2;6.1;158971377;161261970
1765250714;16.2;29.3;6.1;159089502;161312901
1765250715;16.5;29.3;6.1;159207724;161363609
1765250716;16.5;29.3;6.1;159327543;161414493
1765250717;17.1;29.3;6.1;159445803;161465209
1765250718;16.9;29.3;6.1;159567217;161516135
1765250720;16.5;29.3;6.1;159687196;161567695
1765250721;16.4;29.4;6.1;159807168;161618735
1765250722;16.4;29.4;6.1;159938028;161670897
1765250723;16.9;29.5;6.1;160056558;161721433
1765250724;16;29.5;6.1;160176717;161773082
1765250725;16.6;29.5;6.1;160298451;161824780
1765250726;17;29.6;6.1;160417114;161875436
1765250727;17.4;29.6;6.1;160535892;161926092
1765250728;16.2;29.6;6.1;160640047;161976148
1765250729;16.8;29.6;6.1;160715601;162025955
1765250730;17;29.6;6.1;160834385;162076725
1765250731;17.2;29.6;6.1;160953278;162128383
1765250732;17.4;29.6;6.1;161120742;162226389
1765250733;16.4;29.6;6.1;161192713;162230102
1765250734;16.4;29.6;6.1;161311784;162280810
1765250736;16.7;29.6;6.1;161432380;162333666
1765250737;16;29.6;6.1;161551417;162384262
1765250738;16.6;29.6;6.1;161670569;162434978
1765250739;17;29.6;6.1;161791350;162486550
1765250740;17.1;29.6;6.1;161957697;162584313
1765250741;16.8;29.6;6.1;162025469;162587562
1765250742;17.4;29.6;6.1;162111987;162638294
1765250743;16.9;29.6;6.1;162231369;162689062
1765250744;17.1;29.6;6.1;162350744;162739778
1765250745;16.8;29.6;6.1;162471741;162790716
1765250746;16.1;29.6;6.1;162591251;162841372
1765250747;17.3;29.6;6.1;162710878;162892303
1765250748;15.6;29.6;6.1;162818168;162942352
1765250749;16.2;29.6;6.1;162937885;162993068
1765250751;16.3;29.6;6.1;163057647;163043999
1765250752;15.6;29.6;6.1;163177454;163094655
1765250753;17.6;29.6;6.1;163298838;163146103
1765250754;16.5;29.6;6.1;163420339;163197832
1765250755;16.7;29.6;6.1;163540281;163248548
1765250756;16.3;29.7;6.1;163660268;163299204
1765250757;16.4;29.7;6.1;163784557;163350760
1765250758;16.2;29.7;6.1;163907925;163401816
1765250759;16;29.7;6.1;164029880;163452989
1765250760;17.7;29.7;6.1;164126920;163548936
1765250761;16.4;29.7;6.1;164199790;163552525
1765250762;16.7;29.7;6.1;164321532;163603865
1765250763;16.4;29.7;6.1;164441787;163654581
1765250764;16.3;29.7;6.1;164562184;163705289
1765250766;16.5;29.7;6.1;164679384;163756447
1765250767;16;28.5;6.1;164799830;163807228
1765250768;15.4;28.6;6.1;164921839;163858565
1765250769;15.8;28.7;6.1;165042361;163909435
1765250770;16.2;28.7;6.1;165162928;163960090
1765250771;16.3;28.8;6.1;165330646;164057911
1765250772;16.6;28.8;6.1;165411436;164061896
1765250773;16;28.9;6.1;165532190;164114071
1765250774;18;28.9;6.1;165699937;164215456
1765250775;17.1;28.9;6.1;165775255;164219661
1765250776;16.2;28.9;6.1;165908482;164270869
1765250777;16.7;28.9;6.1;166029360;164323522
1765250778;16.8;28.9;6.1;166130396;164373919
1765250779;16;28.9;6.1;166200222;164423334
1765250781;16.5;28.9;6.1;166321274;164474330
1765250782;16;28.9;6.1;166443661;164525057
1765250783;16.4;28.9;6.1;166564832;164575772
1765250784;16.3;28.9;6.1;166686048;164626762
1765250785;16.4;28.9;6.1;166808893;164678231
1765250786;16.3;28.9;6.1;166930251;164729226
1765250787;18.7;28.9;6.1;167098812;164827426
1765250788;16.6;28.9;6.1;167173331;164831455
1765250789;16.4;28.9;6.1;167294772;164882230
1765250790;16;28.9;6.1;167416258;164933160
1765250791;16.6;28.9;6.1;167537787;164983935
1765250792;16.1;28.9;6.1;167660893;165036685
1765250793;16.4;28.9;6.1;167782511;165087399
1765250794;16.4;28.9;6.1;167905706;165138689
1765250795;16.2;28.9;6.1;168029018;165190826
1765250797;16;28.9;6.1;168152303;165242176
1765250798;16.1;28.9;6.1;168267108;165292410
1765250799;16.2;28.9;6.1;168336431;165342616
1765250800;16.9;28.9;6.1;168459804;165393834
1765250801;16.4;28.9;6.1;168581690;165444428
1765250802;16.8;28.9;6.1;168703673;165495409
1765250803;16.8;28.9;6.1;168816428;165546456
1765250804;17.2;28.9;6.1;168989203;165646440
1765250805;18.4;28.9;6.1;169111698;165697434
1765250806;17.3;28.9;6.1;169186821;165701103
1765250807;24.5;29.8;6.1;169360831;165801949
1765250808;19.4;29.8;6.1;169437504;165806332
1765250809;17.5;29.8;6.1;169564197;165857696
1765250811;18.3;29.8;6.1;169733814;165955717
1765250812;16.6;29.8;6.1;169857791;166007413
1765250813;17.1;29.8;6.1;169972588;166057951
1765250814;17.1;29.8;6.1;170017408;166061315
1765250815;16.8;29.8;6.1;170118093;166111534
1765250816;16.4;29.8;6.1;170242200;166162452
1765250817;16.6;29.8;6.1;170377309;166213839
1765250818;16.6;29.8;6.1;170514091;166265370
1765250819;16.5;29.8;6.1;170638289;166316264
1765250820;17.3;29.8;6.1;170773782;166367711
1765250821;17.5;29.8;6.1;170910876;166419596
1765250822;17;29.8;6.1;171048111;166473243
1765250823;16.9;29.8;6.1;171185413;166525272
1765250824;16;29.8;6.1;171321180;166576752
1765250825;17.1;29.8;6.1;171458546;166628448
1765250827;16.5;29.8;6.1;171608622;166681204
1765250828;16.5;29.8;6.1;171733557;166732158
1765250829;17.7;28.6;6.1;171905578;166830187
1765250830;17;28.6;6.1;172028843;166880797
1765250831;15.6;28.7;6.1;172064857;166883370
1765250832;16;28.8;6.1;172168439;166933865
1765250833;16.7;28.8;6.1;172293899;166986299
1765250834;16.7;28.9;6.1;172417971;167037553
1765250835;16.4;29;6.1;172543296;167088987
1765250836;16.3;29;6.1;172668988;167140439
1765250837;16.1;29.1;6.1;172793079;167191363
1765250838;16.4;29.2;6.1;172906448;167242959
1765250839;16.4;29.2;6.1;173019251;167294076
1765250840;16.9;29.2;6.1;173130494;167344170
1765250842;16.5;29.2;6.1;173243262;167394914
1765250843;16.9;29.2;6.1;173356075;167445532
1765250844;16.7;29.2;6.1;173468147;167496402
1765250845;16.6;29.2;6.1;173581736;167547883
1765250846;17;29.2;6.1;173693951;167598424
1765250847;16.4;29.2;6.1;173796999;167648617
1765250848;16;29.2;6.1;173856705;167698363
1765250849;16.7;29.3;6.1;173970401;167749486
1765250850;16.7;29.3;6.1;174084484;167847757
1765250851;16;29.4;6.1;174133543;167850541
1765250852;16;29.5;6.1;174247530;167902064
1765250853;16.8;29.5;6.1;174360814;167952796
1765250854;16.7;29.5;6.1;174474141;168003546
1765250855;15.2;29.5;6.1;174586438;168054133
1765250856;16.4;29.5;6.1;174699900;168105105
1765250858;15.8;29.6;6.1;174813407;168155933
1765250859;16.3;29.7;6.1;174928491;168206970
1765250860;16.1;29.7;6.1;175042088;168257792
1765250861;16.2;29.7;6.1;175155730;168308686
1765250862;16.9;29.7;6.1;175267885;168358788
1765250863;16;29.7;6.1;175384681;168409748
1765250864;16.6;29.7;6.1;175496924;168459850
1765250865;16.3;29.7;6.1;175609212;168510227
1765250866;15.8;29.7;6.1;175723077;168560977
1765250867;16.5;29.7;6.1;175837039;168611983
1765250868;17.4;29.7;6.1;175949462;168662420
1765250869;16.6;29.7;6.1;176088256;168758908
1765250870;15.8;29.7;6.1;176110337;168761204
1765250871;16.3;29.7;6.1;176224382;168811492
1765250873;16;29.7;6.1;176336992;168861646
1765250874;15.6;29.7;6.1;176449647;168911860
1765250875;16.2;29.7;6.1;176565409;168963074
1765250876;16;29.7;6.1;176678197;169013288
1765250877;16.4;29.7;6.1;176790976;169063605
1765250878;16.3;29.7;6.1;176903800;169113707
1765250879;16;29.7;6.1;177018201;169164739
1765250880;16.2;29.7;6.1;177131113;169216471
1765250881;16.4;28.5;6.1;177244299;169266639
1765250882;16.4;28.5;6.1;177358833;169316963
1765250883;16.3;28.5;6.1;177473412;169367209
1765250884;16;28.5;6.1;177575824;169416951
1765250885;16.8;28.5;6.1;177679724;169467256
1765250886;15.1;28.5;6.1;177798216;169563561
1765250887;16.5;28.5;6.1;177865822;169566701
1765250889;16.6;28.5;6.1;177979119;169616863
1765250890;17.3;28.5;6.1;178139867;169714431
1765250891;16.9;28.5;6.1;178254786;169764305
1765250892;16.9;28.5;6.1;178321164;169767353
1765250893;17.3;28.5;6.1;178434758;169817515
1765250894;16.9;28.5;6.1;178548325;169867859
1765250895;16.6;28.5;6.1;178661937;169917961
1765250896;17;28.6;6.1;178775646;169968115
1765250897;16.4;28.6;6.1;178890878;170019003
1765250898;16;28.6;6.1;179006207;170070284
1765250899;16.5;28.6;6.1;179119995;170120386
1765250900;16.5;28.6;6.1;179233828;170170488
1765250901;17.4;28.7;6.1;179347813;170220853
1765250902;17.2;28.8;6.1;179463268;170271827
1765250904;17.2;28.8;6.1;179578768;170322702
1765250905;16.3;28.8;6.1;179692781;170372864
1765250906;16.6;28.8;6.1;179809430;170424485
1765250907;17.2;28.8;6.1;179923533;170474802
1765250908;16.8;28.8;6.1;180024485;170524768
1765250909;17.1;28.8;6.1;180146203;170622820
1765250910;16.7;28.8;6.1;180213290;170626031
1765250911;16.5;28.8;6.1;180327528;170676193
1765250912;16.3;28.8;6.1;180443343;170727165
1765250913;16.6;28.9;6.1;180560323;170778316
1765250914;16.3;28.9;6.1;180676273;170829124
1765250915;16.4;28.9;6.1;180792268;170879928
1765250916;16.4;28.9;6.1;180906776;170930744
1765250917;16.6;28.9;6.1;181021329;170980846
1765250919;16.8;28.9;6.1;181137979;171032213
1765250920;16.7;28.9;6.1;181254154;171082765
1765250921;16;28.9;6.1;181302697;171131350
1765250922;15.6;28.9;6.1;181418833;171181739
1765250923;16.2;28.9;6.1;181533564;171231841
1765250924;16.6;29;6.1;181649944;171282207
1765250925;16.6;29.1;6.1;181766369;171333221
1765250926;16.7;29.1;6.1;181881305;171383443
1765250927;16.4;29.2;6.1;181997915;171434227
1765250928;16.8;29.2;6.1;182114518;171485109
1765250929;16.4;29.2;6.1;182231166;171536069
1765250930;16.4;29.2;6.1;182347859;171587083
1765250931;15.6;29.3;6.1;182463065;171637460
1765250932;15.8;29.4;6.1;182579848;171687904
1765250933;16;29.5;6.1;182695144;171738281
1765250935;16.6;29.5;6.1;182812296;171789269
1765250936;16.1;29.5;6.1;182927732;171839483
1765250937;16.7;29.6;6.1;183043213;171889697
1765250938;17.7;29.7;6.1;183161143;171942010
1765250939;17.3;28.4;6.1;183278194;171992718
1765250940;19.4;29.3;6.1;183362258;172045215
1765250941;18.7;29.3;6.1;183446797;172095080
1765250942;16.9;29.3;6.1;183563990;172145936
1765250943;17.9;29.4;6.1;183690258;172197618
1765250944;16.1;29.4;6.1;183806002;172247540
1765250945;18.1;29.5;6.1;183921843;172297907
1765250946;16.9;29.6;6.1;184039209;172349545
1765250947;16.7;29.7;6.1;184156849;172400193
1765250948;16.6;29.7;6.1;184272773;172450355
1765250949;16.7;29.7;6.1;184390274;172501087
1765250951;16.7;28.3;6.1;184506288;172551249
1765250952;16.4;28.3;6.1;184672517;172649493
1765250953;17.2;28.3;6.1;184697183;172651421
1765250954;16.1;28.3;6.1;184791454;172701658
1765250955;16.7;28.4;6.1;184954605;172798882
1765250956;16.7;28.4;6.1;185070903;172849148
1765250957;17.4;28.6;6.1;185140036;172852144
1765250958;16.5;28.7;6.1;185257924;172903080
1765250959;16.8;28.7;6.1;185423008;173001056
1765250960;17.7;28.7;6.1;185539395;173051114
1765250961;17;28.7;6.1;185610461;173054700
1765250962;17.1;28.8;6.1;185730411;173105794
1765250963;16.8;28.8;6.1;185890705;173202970
1765250964;17;28.9;6.1;185897026;173205832
1765250966;16.6;29.1;6.1;186016812;173256769
1765250967;17.1;29.1;6.1;186136686;173307850
1765250968;17.6;29.2;6.1;186255094;173359860
1765250969;17.4;29.2;6.1;186373666;173410567
1765250970;16.9;29.2;6.1;186493785;173462218
1765250971;16.6;29.2;6.1;186612439;173512813
1765250972;16.6;29.2;6.1;186732692;173564240
1765250973;17.3;29.2;6.1;186851480;173614895
1765250974;16.5;29.2;6.1;186970335;173665610
1765250975;17.3;29.2;6.1;187087452;173715772
1765250976;16.5;29.2;6.1;187204614;173765634
1765250977;14.8;29.2;6.1;187322465;173816118
1765250978;16.7;29.2;6.1;187444025;173867592
1765250979;16.2;29.2;6.1;187561750;173918024
1765250980;16;29.3;6.1;187664418;173967962
1765250982;16.9;29.3;6.1;187749712;174017674
1765250983;16.7;29.5;6.1;187845264;174067341
1765250984;16.6;29.6;6.1;187967290;174118085
1765250985;16;29.6;6.1;188084764;174168306
1765250986;16.5;29.6;6.1;188203064;174218960
1765250987;16.9;29.6;6.1;188321382;174269666
1765250988;17.3;29.6;6.1;188439767;174320312
1765250989;17;29.6;6.1;188606155;174418406
1765250990;18.2;29.6;6.1;188724693;174469061
1765250991;17;29.6;6.1;188843298;174519716
1765250992;17.3;29.6;6.1;188916466;174523823
1765250993;17.1;29.6;6.1;189035275;174574538
1765250994;16.5;29.6;6.1;189154151;174625253
1765250995;17.2;29.7;6.1;189274698;174677036
1765250997;18.1;29.7;6.1;189395237;174729317
1765250998;17.2;29.7;6.1;189514311;174780032
1765250999;17.5;29.7;6.1;189635036;174831591
1765251000;17.3;29.7;6.1;189754244;174882306
1765251001;17.6;29.8;6.1;189813242;174931587
1765251002;17.2;29.8;6.1;189922962;174981561
1765251003;16.5;29.8;6.1;190042392;175032276
1765251004;16.9;29.8;6.1;190162533;175083043
1765251005;17;29.8;6.1;190283629;175134550
1765251006;18.5;29.8;6.1;190451896;175233308
1765251007;17.8;29.8;6.1;190501470;175282208
1765251008;17.8;29.8;6.1;190574125;175285877
1765251009;16.5;29.8;6.1;190695256;175337085
1765251010;16.5;29.8;6.1;190815470;175387938
1765251012;17.1;29.8;6.1;190935452;175438713
1765251013;16.8;29.8;6.1;191055501;175489368
1765251014;16.6;29.8;6.1;191177149;175540725
1765251015;17;29.9;6.1;191259751;175590582
1765251016;16.9;29.9;6.1;191348931;175641186
1765251017;16.7;29.9;6.1;191470733;175692699
1765251018;16.7;30;6.1;191591070;175743414
1765251019;16.7;30;6.1;191711526;175794241
1765251020;16.5;30;6.1;191832118;175845068
1765251021;16.5;30;6.1;191952694;175895843
1765251022;16.4;30;6.1;192073335;175946558
1765251023;16.8;30;6.1;192123340;175995524
1765251024;16.7;30;6.1;192250188;176047595
1765251025;16.9;30;6.1;192371074;176099777
1765251026;16.1;30;6.1;192491973;176150432
1765251028;16.5;30;6.1;192613010;176201147
1765251029;16.5;30;6.1;192734112;176251562
1765251030;16.8;30;6.1;192855301;176302492
1765251031;17.7;30;6.1;192976555;176353207
1765251032;17.3;30;6.1;193097874;176403922
1765251033;17.4;30.1;6.1;193220862;176455135
1765251034;16.9;30.1;6.1;193342313;176505850
1765251035;16.5;30.1;6.1;193463883;176556617
1765251036;17.1;30.1;6.1;193569626;176606947
1765251037;16;30.1;6.1;193637228;176657149
1765251038;17.2;30.1;6.1;193760434;176708836
1765251039;17.8;30.1;6.1;193883705;176760900
1765251040;17.7;30.1;6.1;194007115;176812245
1765251041;17.4;30.1;6.1;194057723;176894403
1765251043;17.2;30.1;6.1;194181069;176912603
1765251044;17.2;30.1;6.1;194351712;177010910
1765251045;16.9;30.1;6.1;194426723;177014794
1765251046;17.4;30.1;6.1;194593914;177112078
1765251047;16.9;30.1;6.1;194669163;177115851
1765251048;17.5;30.3;6.1;194791481;177166841
1765251049;18.4;30.3;6.1;194918219;177218478
1765251050;16.1;30.3;6.1;195040743;177269253
1765251051;17.7;30.4;6.1;195163458;177320355
1765251052;16.9;30.4;6.1;195268069;177370530
1765251053;17.1;30.4;6.1;195336744;177420150
1765251054;16.4;30.4;6.1;195459491;177472555
1765251055;17.2;29.2;6.1;195582357;177523382
1765251056;17.2;29.2;6.1;195705254;177574157
1765251058;16.6;29.3;6.1;195828218;177625147
1765251059;16.5;29.4;6.1;195951294;177675922
1765251060;17.2;29.4;6.1;196074437;177726852
1765251061;17.4;28.2;6.1;196199179;177778191
1765251062;17.3;28.4;6.1;196322756;177829092
1765251063;16.5;28.4;6.1;196447704;177880580
1765251064;17.4;28.4;6.1;196572719;177931559
1765251065;17.1;28.4;6.1;196697801;177982772
1765251066;17.6;28.5;6.1;196821418;178033915
1765251067;16.5;28.6;6.1;196945102;178085443
1765251068;16.5;28.6;6.1;197068781;178136812
1765251069;16.8;28.6;6.1;197119899;178186287
1765251070;16.4;28.8;6.1;197243739;178237122
1765251071;16.9;28.8;6.1;197369178;178288395
1765251073;17.6;28.8;6.1;197493204;178339497
1765251074;17;28.8;6.1;197617314;178390384
1765251075;17.1;28.8;6.1;197741482;178441219
1765251076;17.1;28.8;6.1;197867301;178492003
1765251077;17;28.8;6.1;197991655;178542890
1765251078;17.1;28.8;6.1;198116022;178593940
1765251079;17.1;28.8;6.1;198240508;178644767
1765251080;16.9;28.8;6.1;198365009;178695602
1765251081;16.9;28.8;6.1;198492497;178747145
1765251082;17.1;28.8;6.1;198617206;178798032
1765251083;16.9;28.8;6.1;198743462;178850912
1765251084;17;28.8;6.1;198848788;178901302
1765251085;16.6;28.8;6.1;198967272;178998238
1765251086;18;28.8;6.1;199092654;179049619
1765251088;17;28.8;6.1;199219505;179101701
1765251089;17.1;28.8;6.1;199344971;179153272
1765251090;16.7;29;6.1;199423150;179157620
1765251091;16;29;6.1;199548752;179209257
1765251092;16;29;6.1;199675826;179261446
1765251093;16.2;29.1;6.1;199803125;179312948
1765251094;17.3;29.2;6.1;199930636;179365266
1765251095;16.4;29.2;6.1;200057392;179417180
1765251096;16.6;29.2;6.1;200182785;179468341
1765251097;16.4;29.3;6.1;200312961;179520819
1765251098;16.4;29.4;6.1;200436404;179571280
1765251099;16.1;29.4;6.1;200561880;179622389
1765251100;15.6;29.5;6.1;200635033;179671903
1765251101;15.8;29.6;6.1;200741213;179722796
1765251102;16.1;28.3;6.1;200866983;179773788
1765251104;16;28.4;6.1;200992890;179824938
1765251105;16.1;28.5;6.1;201120002;179877158
1765251106;16.6;28.5;6.1;201246629;179929006
1765251107;15.2;28.5;6.1;201375134;179981622
1765251108;16.4;28.5;6.1;201502244;180033749
1765251109;15.6;28.5;6.1;201628819;180085357
1765251110;16.5;28.5;6.1;201755483;180136533
1765251111;16.5;28.5;6.1;201879018;180187463
1765251112;17.1;28.6;6.1;202002119;180239220
1765251113;16.7;28.6;6.1;202125265;180289805
1765251114;16;28.6;6.1;202248456;180340422
1765251115;16;28.6;6.1;202371690;180390764
1765251116;16.4;28.7;6.1;202496499;180441250
1765251117;16.2;28.7;6.1;202619873;180491859
1765251119;16.1;28.7;6.1;202690113;180540881
1765251120;16.4;28.7;6.1;202791647;180590668
1765251121;16.5;28.8;6.1;202962165;180689045
1765251122;16.7;28.8;6.1;203085674;180739439
1765251123;16.9;28.8;6.1;203209300;180790108
1765251124;17.6;28.8;6.1;203332788;180841210
1765251125;16.9;28.8;6.1;203409423;180844550
1765251126;16.8;28.8;6.1;203533105;180895107
1765251127;16.6;28.8;6.1;203656832;180945389
1765251128;16.4;28.8;6.1;203780656;180995783
1765251129;17;28.8;6.1;203829147;181044591
1765251130;16.1;28.8;6.1;203953007;181094933
1765251131;16.1;28.8;6.1;204076964;181145327
1765251132;16;28.8;6.1;204200986;181196576
1765251134;16.5;28.8;6.1;204326363;181247488
1765251135;16;28.8;6.1;204497631;181345048
1765251136;16.1;28.8;6.1;204578647;181394871
1765251137;16;28.9;6.1;204626422;181398362
1765251138;16.1;28.9;6.1;204752195;181449666
1765251139;15.9;28.9;6.1;204876481;181500283
1765251140;16.2;28.9;6.1;205002344;181551549
1765251141;16.2;28.9;6.1;205128304;181604425
1765251142;16.1;28.9;6.1;205252725;181654827
1765251143;16.4;28.9;6.1;205377243;181705281
1765251144;16.2;28.9;6.1;205501754;181755898
1765251145;16.5;28.9;6.1;205626310;181806360
1765251146;16.4;28.9;6.1;205750911;181856702
1765251147;16;29;6.1;205875837;181907501
1765251148;16;29.1;6.1;205965993;181956763
1765251215;3.3;29.3;6.1;210626530;182245476
1765251217;1.3;29.3;6.1;210703895;182248744
